{
  "rmse": 14.7968410847906,
  "mae": 10.00159267290967,
  "p": 2,
  "k": 12,
  "radius": null
}